id,name,age,hobbies,political_orientation
0,Jennifer Morse,35,"['hiking', 'gaming', 'painting', 'traveling']",conservative
1,Kimberly Scott,31,"['gaming', 'sports', 'traveling']",conservative
2,David Joseph,22,"['hiking', 'cooking', 'photography']",moderate
3,Kevin Smith,34,"['gaming', 'hiking', 'reading', 'music']",moderate
4,Kristin Gregory,46,['movies'],conservative
5,Julia Ortega,47,"['photography', 'hiking', 'movies', 'sports']",conservative
6,Sharon Ramirez,38,['sports'],liberal
7,Maria Lewis,20,['hiking'],conservative
8,Andrew Byrd,54,"['gaming', 'sports', 'photography', 'painting']",liberal
9,Daniel Carey,28,"['hiking', 'movies', 'cooking', 'photography', 'traveling']",moderate
10,Julia Alvarez,61,['movies'],conservative
11,Julia Holt,21,"['reading', 'movies', 'hiking']",conservative
12,Sabrina Mason,19,['painting'],moderate
13,Mike Perez,28,"['movies', 'gaming', 'hiking']",conservative
14,Christopher Ingram,56,['photography'],conservative
15,Shannon Sutton,45,"['reading', 'gaming', 'hiking', 'cooking', 'photography']",conservative
16,Wayne Hall,53,"['movies', 'sports']",liberal
17,Rodney Barker,35,"['movies', 'gaming', 'photography']",moderate
18,Francisco Simpson,46,"['music', 'movies']",conservative
19,Carlos Watson,23,"['painting', 'cooking', 'reading']",conservative
20,Kevin Donovan,62,['painting'],moderate
21,Richard Anderson,37,"['traveling', 'movies']",conservative
22,Nicole Scott,55,"['music', 'cooking', 'movies', 'gaming', 'photography']",conservative
23,Shari Irwin,20,"['gaming', 'traveling']",conservative
24,Stephanie Perez,47,"['reading', 'sports']",moderate
25,John Parks,21,"['gaming', 'traveling']",liberal
26,Justin Jones,43,"['music', 'gaming']",conservative
27,Marilyn Moore,39,"['sports', 'hiking', 'painting', 'cooking', 'reading']",conservative
28,Melissa Hughes,19,"['gaming', 'reading']",conservative
29,Rebecca Frye,59,"['hiking', 'photography', 'cooking']",liberal
30,David Brooks,38,"['painting', 'traveling', 'movies', 'sports', 'gaming']",liberal
31,Cameron Howe,20,['gaming'],moderate
32,Samuel Hill,56,['hiking'],moderate
33,Robert Morrison,36,"['painting', 'music', 'gaming']",liberal
34,Michael Wolf,36,"['traveling', 'music', 'painting', 'gaming', 'movies']",liberal
35,Bryce Parker,26,"['reading', 'photography', 'painting', 'traveling', 'hiking']",moderate
36,Anthony Greene,63,"['sports', 'traveling']",moderate
37,Samuel Wiggins,46,"['photography', 'music', 'traveling']",conservative
38,Christine Nichols,48,"['painting', 'sports']",conservative
39,Cassandra Wallace,33,"['cooking', 'reading', 'sports', 'photography']",conservative
40,Mr. Douglas Blankenship,58,"['traveling', 'music']",moderate
41,Jessica Watson MD,33,"['sports', 'photography']",moderate
42,Heather Mueller,50,"['sports', 'photography']",moderate
43,Laura Davis,49,['sports'],liberal
44,Terry Johnson,41,['painting'],conservative
45,Jason Roberts,48,"['sports', 'traveling', 'painting', 'cooking', 'movies']",conservative
46,Gina Graham,55,"['music', 'reading']",liberal
47,Nicole Chavez,38,['hiking'],liberal
48,Richard Archer,42,"['photography', 'traveling', 'hiking', 'cooking']",conservative
49,Brett Fletcher,20,"['cooking', 'traveling']",moderate
50,Adam Evans,37,"['traveling', 'movies', 'painting', 'gaming', 'hiking']",moderate
51,Gabrielle Lucero,24,"['hiking', 'movies']",conservative
52,Laura Dawson,61,"['traveling', 'gaming', 'movies', 'photography']",liberal
53,Deborah Allen,53,['reading'],moderate
54,Brittany Duncan,57,"['hiking', 'gaming', 'traveling', 'photography']",moderate
55,Bruce Smith,22,"['hiking', 'painting', 'gaming', 'movies']",conservative
56,Joseph Espinoza,49,"['painting', 'music', 'sports']",conservative
57,Sandra Hull,43,"['hiking', 'reading']",conservative
58,Darlene Cole,19,"['music', 'photography', 'reading', 'traveling']",liberal
59,Kimberly Arnold,39,"['music', 'movies']",liberal
60,Brooke Molina,44,"['reading', 'painting', 'gaming', 'movies', 'cooking']",moderate
61,Dana Wilson,64,"['traveling', 'reading', 'photography', 'cooking', 'hiking']",liberal
62,Nathan Wong,45,"['reading', 'gaming', 'hiking', 'sports']",conservative
63,Gerald Harper,19,"['traveling', 'reading']",conservative
64,Brian Wilson,40,"['photography', 'movies']",liberal
65,William Perez,54,['music'],conservative
66,Anita Smith,25,"['painting', 'reading', 'traveling', 'sports']",moderate
67,Nathan Hoffman,41,"['painting', 'sports']",conservative
68,Sherry Sanchez,49,"['painting', 'traveling', 'music', 'hiking', 'reading']",liberal
69,Susan Soto,20,['reading'],moderate
70,William Silva,62,"['sports', 'hiking', 'painting', 'reading', 'movies']",liberal
71,Kristen White,65,"['hiking', 'traveling', 'movies', 'music']",moderate
72,Rhonda Mitchell,21,"['cooking', 'movies', 'sports', 'traveling', 'gaming']",liberal
73,Shelley Williams,54,"['hiking', 'photography', 'music', 'painting']",conservative
74,Robin Marquez DDS,27,"['music', 'cooking', 'photography', 'movies']",liberal
75,Derrick Fisher,56,"['reading', 'sports', 'traveling', 'gaming']",conservative
76,Ashley Levy,24,"['traveling', 'sports']",liberal
77,Amanda Parker,39,"['cooking', 'movies']",conservative
78,Bruce Bowers,56,"['traveling', 'painting']",conservative
79,Mr. Christopher Powers,26,"['reading', 'painting']",moderate
80,Lauren Murillo,19,"['photography', 'traveling', 'painting']",moderate
81,Jasmine Reynolds,32,"['cooking', 'photography']",conservative
82,Brandon Johnson,54,"['traveling', 'painting']",moderate
83,Jessica Hall,40,"['photography', 'reading']",conservative
84,Jennifer Holloway,46,"['painting', 'sports', 'cooking']",moderate
85,Heidi Ferrell DVM,22,['sports'],moderate
86,Jasmine Porter,33,"['gaming', 'movies', 'sports', 'cooking']",conservative
87,Tina Coffey,64,"['traveling', 'sports']",conservative
88,Isaac Garcia,64,['movies'],conservative
89,Heidi Hull,23,"['painting', 'photography', 'movies', 'sports', 'reading']",moderate
90,Michelle Simpson,55,"['traveling', 'reading']",liberal
91,Leah Nichols,22,['hiking'],conservative
92,Jeremy Hunter,55,"['gaming', 'hiking', 'cooking', 'music']",conservative
93,Isaac Lawrence,62,"['reading', 'photography', 'painting', 'cooking', 'movies']",conservative
94,Michael Barajas,61,"['gaming', 'music']",liberal
95,Sarah Blankenship,59,"['gaming', 'photography', 'reading']",liberal
96,Jaime Andrade,24,"['hiking', 'painting', 'sports', 'photography']",conservative
97,Kevin Brown,26,"['sports', 'cooking']",moderate
98,Kenneth Kelley,47,"['cooking', 'sports']",liberal
99,Mary Walker,46,"['sports', 'gaming', 'hiking']",moderate
100,Keith Roach,18,"['movies', 'music', 'traveling', 'painting']",moderate
101,Michael Campbell,60,"['painting', 'cooking', 'hiking']",moderate
102,Douglas Miller,46,['gaming'],liberal
103,Chad Harris,65,"['music', 'hiking', 'reading', 'movies']",liberal
104,Julia Wallace,54,['gaming'],liberal
105,Brad Kelly,30,"['hiking', 'gaming', 'movies']",conservative
106,Nicole Wolfe,36,"['reading', 'music', 'traveling', 'photography']",conservative
107,Monica Harris,51,"['movies', 'music', 'traveling', 'photography', 'cooking']",conservative
108,Matthew Castillo,29,['painting'],moderate
109,Roger Jenkins,21,"['traveling', 'photography']",conservative
110,Jessica Petty,54,['traveling'],conservative
111,Alyssa Shepard,41,['hiking'],moderate
112,Chad Weaver,39,"['reading', 'gaming', 'photography']",moderate
113,Michael Mckee,50,"['movies', 'traveling', 'photography', 'gaming', 'hiking']",conservative
114,Ryan Trevino Jr.,38,"['movies', 'traveling', 'sports']",liberal
115,Chelsey Brown,47,"['music', 'sports', 'movies']",liberal
116,Natalie Villegas,20,"['gaming', 'painting', 'sports']",liberal
117,Nicole Burton,18,"['photography', 'cooking', 'hiking', 'sports', 'music']",moderate
118,Krystal Benson,18,"['cooking', 'music', 'sports', 'painting']",liberal
119,Dr. James Parker,40,"['cooking', 'traveling', 'gaming']",liberal
120,Jordan Walter,46,"['hiking', 'traveling', 'cooking', 'reading', 'gaming']",conservative
121,Melissa Morgan,49,"['sports', 'painting']",conservative
122,Vanessa Brooks,59,['hiking'],conservative
123,Brad Murphy,18,"['hiking', 'sports']",liberal
124,Ruth Ibarra,48,"['photography', 'sports']",conservative
125,Cindy Lam,36,['hiking'],conservative
126,Rachel Turner,27,"['hiking', 'photography', 'movies']",moderate
127,Madison Barker DDS,63,"['movies', 'photography', 'hiking', 'sports', 'traveling']",liberal
128,Jennifer Willis,56,"['traveling', 'music']",moderate
129,Felicia James,47,"['movies', 'reading']",liberal
130,Jose Curtis,45,"['painting', 'hiking', 'movies']",conservative
131,Anthony Randall,41,['music'],liberal
132,Daniel Fisher,62,"['reading', 'gaming', 'painting']",liberal
133,Laura Cooper,25,"['photography', 'cooking']",moderate
134,Brian Miranda,24,['hiking'],liberal
135,Steven Hill,47,"['movies', 'cooking', 'hiking']",moderate
136,Diana Howard,53,"['cooking', 'gaming', 'hiking', 'traveling', 'music']",moderate
137,Juan Branch,26,"['photography', 'hiking']",conservative
138,Felicia Wolf,32,"['gaming', 'cooking', 'sports', 'photography', 'reading']",liberal
139,Rachel Dominguez,18,"['hiking', 'painting', 'sports', 'gaming']",moderate
140,Mary Myers,22,"['gaming', 'movies', 'sports', 'traveling']",conservative
141,Melissa Ellis,30,"['reading', 'music', 'traveling']",liberal
142,Elizabeth Lambert,55,['hiking'],liberal
143,Lauren Glenn,59,['music'],moderate
144,Shane Graham,29,['cooking'],conservative
145,Ashley Wagner,19,"['music', 'hiking', 'gaming', 'traveling']",conservative
146,David Scott,53,"['reading', 'hiking', 'music', 'photography']",conservative
147,Craig Hill,24,"['hiking', 'reading', 'painting', 'music']",conservative
148,Margaret Herrera DDS,45,"['photography', 'reading', 'hiking', 'gaming']",conservative
149,Eric Sweeney,26,"['photography', 'music', 'movies', 'reading']",liberal
150,Lisa Elliott,51,"['movies', 'music', 'cooking', 'reading']",moderate
151,William Shah,33,['traveling'],conservative
152,Austin Turner,50,"['painting', 'sports', 'movies', 'gaming']",conservative
153,Kyle Sandoval,34,"['painting', 'movies', 'cooking', 'gaming', 'hiking']",moderate
154,Shannon Fisher,39,"['photography', 'cooking']",moderate
155,Kelly Howe,53,"['photography', 'reading', 'hiking', 'traveling', 'cooking']",conservative
156,Travis Hooper,57,"['traveling', 'cooking']",moderate
157,Diane Maldonado,46,"['gaming', 'painting']",moderate
158,Yvonne Gonzales,43,"['traveling', 'cooking', 'hiking', 'painting', 'movies']",liberal
159,Phillip Jensen,34,"['reading', 'painting', 'photography']",conservative
160,Sandra Thomas,51,"['sports', 'photography', 'cooking', 'painting']",moderate
161,Amy Allen,54,"['painting', 'movies', 'hiking']",moderate
162,Benjamin Bartlett,39,"['sports', 'hiking', 'traveling', 'painting']",moderate
163,Gina Daniel,41,"['traveling', 'gaming', 'hiking', 'sports']",conservative
164,Angela Johnson MD,47,"['traveling', 'movies', 'photography', 'sports']",moderate
165,Vicki Wright DDS,30,"['movies', 'painting', 'music', 'sports', 'hiking']",conservative
166,Melissa Proctor,20,"['photography', 'gaming']",liberal
167,Ann Kennedy,47,['sports'],liberal
168,Taylor Allen,32,"['traveling', 'painting']",conservative
169,George Kennedy,23,['sports'],conservative
170,Mary Hernandez,62,['hiking'],conservative
171,Derek Nguyen,22,"['traveling', 'painting', 'cooking', 'movies', 'reading']",moderate
172,Carrie Valdez,45,['painting'],conservative
173,Darryl Clayton,48,"['traveling', 'painting']",conservative
174,Matthew Buckley,46,"['painting', 'reading', 'movies']",liberal
175,Thomas Lawson,43,"['movies', 'reading']",moderate
176,Henry Cox,33,"['sports', 'photography', 'reading', 'movies']",liberal
177,Mr. Thomas Velasquez DVM,18,"['sports', 'movies', 'gaming']",liberal
178,Victoria Johnson,33,['music'],liberal
179,Rachel Martinez,55,"['traveling', 'photography', 'reading', 'movies', 'cooking']",moderate
180,Samantha Ortiz,25,"['movies', 'traveling', 'photography', 'gaming']",conservative
181,Hannah Sanchez,32,"['sports', 'reading', 'traveling', 'photography']",liberal
182,Michael Mccormick,40,"['reading', 'traveling', 'movies', 'photography', 'music']",moderate
183,Jeremy Roberts,34,['cooking'],moderate
184,Jennifer Harris,58,"['photography', 'painting']",conservative
185,John Anderson,25,"['sports', 'photography', 'reading']",liberal
186,Richard Bowers,57,"['movies', 'painting', 'cooking']",moderate
187,Matthew Schneider,55,"['movies', 'hiking', 'painting']",moderate
188,Jennifer Ferguson,44,"['traveling', 'painting', 'gaming', 'photography']",liberal
189,Jennifer Leon,29,"['sports', 'music', 'photography', 'hiking']",moderate
190,Justin Hatfield,48,"['sports', 'music', 'painting', 'traveling']",liberal
191,Christopher Elliott,59,"['reading', 'sports', 'music', 'cooking']",conservative
192,Carlos Michael,63,"['hiking', 'movies']",liberal
193,Brittney Brown,25,"['movies', 'music', 'gaming', 'reading', 'photography']",conservative
194,Jason Mckee,64,"['hiking', 'movies', 'reading']",moderate
195,Daniel Miller,43,"['traveling', 'hiking', 'music', 'photography', 'sports']",liberal
196,Seth Miller,30,['photography'],moderate
197,Paula Brown,33,['cooking'],liberal
198,William Simpson,36,"['traveling', 'hiking']",conservative
199,Rebecca Walker DVM,43,"['traveling', 'cooking', 'reading', 'hiking', 'movies']",moderate
200,Brooke Gonzalez,38,"['cooking', 'sports', 'gaming', 'traveling', 'hiking']",liberal
201,Manuel Schaefer,63,"['sports', 'gaming']",conservative
202,Christian Murphy,33,"['reading', 'painting', 'cooking']",conservative
203,Danielle Schneider,63,"['painting', 'cooking', 'traveling', 'movies', 'sports']",conservative
204,Melissa Herman,49,"['traveling', 'reading', 'cooking', 'hiking']",conservative
205,Cassandra Walls,20,['hiking'],moderate
206,Luis Floyd,44,"['hiking', 'movies', 'painting', 'sports', 'traveling']",liberal
207,Carl Williams,52,"['traveling', 'sports', 'movies', 'reading', 'cooking']",conservative
208,Lee Sanchez,63,"['photography', 'traveling']",conservative
209,Elizabeth Bryant,21,['painting'],liberal
210,Angela Page,42,['movies'],conservative
211,Brandon White,54,['music'],moderate
212,Tricia Gonzalez,31,"['music', 'painting']",liberal
213,Edward Barnes,36,"['photography', 'movies', 'sports']",moderate
214,Jonathan Ochoa,61,"['music', 'hiking', 'reading']",moderate
215,Lynn Robbins,65,['gaming'],liberal
216,Jessica Allen,58,"['music', 'reading', 'photography', 'painting']",conservative
217,Jason Moore,48,"['hiking', 'cooking', 'painting', 'photography']",moderate
218,Kim Garcia,52,"['traveling', 'music', 'gaming', 'movies']",conservative
219,Michael Burton,25,['hiking'],liberal
220,Sarah Lyons,30,"['music', 'reading', 'sports', 'traveling', 'gaming']",conservative
221,Aaron Tran,48,['sports'],liberal
222,Heather Johnson,44,"['traveling', 'cooking']",conservative
223,Alexandra Barnes,47,"['cooking', 'music', 'hiking', 'movies', 'gaming']",liberal
224,David Burke,31,"['cooking', 'movies', 'music', 'painting', 'photography']",liberal
225,Tracey Hess,56,['reading'],moderate
226,Derrick Bass,61,"['sports', 'gaming', 'reading', 'movies', 'photography']",liberal
227,Jamie Ross,19,"['traveling', 'gaming', 'reading', 'painting', 'music']",moderate
228,Joseph Roberts,34,"['painting', 'hiking']",liberal
229,Theresa Reese,48,['traveling'],liberal
230,Shelby Bautista,42,"['traveling', 'hiking', 'cooking', 'painting', 'gaming']",conservative
231,Bryce Wilkerson,32,"['photography', 'painting']",conservative
232,Lisa Black,51,"['hiking', 'music', 'cooking', 'painting']",conservative
233,Joseph Brown,36,"['painting', 'gaming', 'traveling', 'movies', 'music']",conservative
234,Chloe Robertson,38,"['hiking', 'photography', 'cooking', 'painting', 'reading']",liberal
235,Kristin Peck,37,['reading'],moderate
236,Donald Pugh,26,"['movies', 'hiking', 'music']",moderate
237,Erika Martinez,35,"['movies', 'gaming', 'traveling', 'cooking']",liberal
238,Phyllis Mcmahon,33,['sports'],conservative
239,Randy Long,61,"['reading', 'music', 'cooking']",moderate
240,Bonnie Ellis,41,['traveling'],liberal
241,Arthur Martin,32,"['painting', 'gaming']",moderate
242,Christopher Davis,35,"['photography', 'sports']",moderate
243,Jason Ward MD,19,"['painting', 'gaming']",liberal
244,Heather Washington,47,"['photography', 'music']",moderate
245,Michael Nguyen,28,"['music', 'movies', 'gaming', 'reading']",liberal
246,Melissa Briggs,64,"['movies', 'hiking', 'photography']",liberal
247,Latoya Gallagher,37,"['painting', 'photography', 'music', 'gaming']",conservative
248,Jason Smith,62,"['sports', 'movies']",moderate
249,Connie Carter,52,"['movies', 'music', 'sports', 'photography', 'painting']",conservative
250,Mr. Keith Smith,49,"['sports', 'reading', 'painting', 'movies']",conservative
251,Joseph Yates,42,"['painting', 'traveling', 'music']",conservative
252,Tara Smith,62,"['hiking', 'music', 'movies', 'reading']",moderate
253,Erika Luna,19,"['reading', 'sports', 'photography']",moderate
254,Kevin Newman,46,"['reading', 'traveling', 'cooking']",liberal
255,George Lewis,35,"['sports', 'cooking', 'gaming', 'hiking', 'traveling']",liberal
256,Ryan King,42,"['movies', 'photography', 'gaming', 'sports', 'traveling']",liberal
257,Albert Morgan,55,"['gaming', 'hiking', 'cooking', 'reading', 'music']",moderate
258,Kim Daniels,45,"['hiking', 'painting', 'reading', 'photography']",conservative
259,Rebecca Hicks,54,['sports'],liberal
260,Kathryn Hansen,61,"['gaming', 'music', 'sports']",liberal
261,Karen Johnson,51,"['hiking', 'music', 'painting', 'gaming', 'sports']",liberal
262,Mary Pena,19,"['traveling', 'painting']",conservative
263,Dr. David Knight,63,"['gaming', 'sports', 'hiking', 'reading', 'music']",liberal
264,Jeffrey Glenn,44,"['traveling', 'gaming']",liberal
265,Christopher Mason,48,"['music', 'reading']",conservative
266,Natalie Willis,23,"['hiking', 'gaming', 'cooking']",conservative
267,Susan Solomon,50,"['cooking', 'hiking', 'reading', 'movies', 'photography']",liberal
268,Michael Berg,59,"['hiking', 'photography']",liberal
269,Michael Riley,29,"['music', 'photography', 'sports', 'cooking', 'traveling']",conservative
270,Joshua Kelly,46,"['gaming', 'hiking', 'traveling', 'photography', 'movies']",liberal
271,Bruce Reed,44,"['music', 'hiking']",conservative
272,Cynthia Barnes,47,"['traveling', 'movies', 'hiking', 'sports']",conservative
273,Larry Lopez,50,"['reading', 'music', 'gaming', 'hiking', 'movies']",liberal
274,Jack Wright,58,['hiking'],liberal
275,Anthony Floyd,42,['hiking'],liberal
276,Jessica Williams,31,"['traveling', 'music']",moderate
277,Sara Gonzalez,29,"['movies', 'sports', 'cooking', 'painting', 'gaming']",liberal
278,Jessica Hill,26,"['movies', 'reading', 'sports', 'painting', 'music']",liberal
279,Jeffrey Benson,44,"['music', 'photography', 'sports']",liberal
280,Mark Fisher,57,"['gaming', 'hiking', 'music', 'reading', 'sports']",conservative
281,Catherine Harris,18,['gaming'],liberal
282,Kim Ferguson,33,"['photography', 'hiking', 'music', 'reading', 'painting']",conservative
283,Michele Campbell,37,"['traveling', 'photography']",liberal
284,Jennifer Fox,64,"['painting', 'photography', 'music']",conservative
285,Katrina Morgan,38,"['sports', 'painting', 'cooking']",conservative
286,Amy Hammond,49,"['traveling', 'gaming']",liberal
287,Annette Hayes,18,"['sports', 'hiking', 'gaming', 'reading', 'music']",moderate
288,Casey Miller,41,"['gaming', 'sports']",liberal
289,Marie Diaz,18,['movies'],moderate
290,Kristin Walker,52,"['reading', 'traveling']",conservative
291,Brian Gilbert,45,"['hiking', 'traveling', 'cooking']",moderate
292,Nathan Walsh,22,"['music', 'hiking']",liberal
293,Makayla Richardson,55,['sports'],moderate
294,Jessica Ramirez,39,"['reading', 'gaming']",liberal
295,Mary Perkins,31,"['cooking', 'photography']",moderate
296,Janet Anderson,27,"['gaming', 'music', 'painting']",moderate
297,Joseph Miller,28,['gaming'],moderate
298,Steven Moran,35,"['sports', 'cooking']",liberal
299,Jose Rhodes,30,['music'],moderate
300,Michael Ayers,22,"['gaming', 'music']",conservative
301,Mary Walker,52,"['sports', 'music', 'painting', 'photography']",moderate
302,Gary Stephens,41,"['reading', 'cooking', 'hiking', 'music']",conservative
303,Ryan Brewer,60,"['painting', 'gaming', 'sports', 'traveling', 'cooking']",conservative
304,Ashley Watson,38,"['traveling', 'reading', 'painting', 'photography']",liberal
305,Jeremy Moore,36,"['painting', 'sports', 'music', 'hiking', 'gaming']",liberal
306,Caitlin Lopez,30,"['reading', 'hiking']",moderate
307,Erin Adams,18,"['gaming', 'photography']",conservative
308,Gregory Taylor,65,"['traveling', 'movies', 'cooking']",liberal
309,Jessica Wright,33,['hiking'],conservative
310,Annette Robles,34,"['movies', 'reading', 'sports', 'traveling', 'gaming']",moderate
311,Christian Sherman,20,"['sports', 'photography', 'reading', 'traveling', 'cooking']",moderate
312,Kenneth Ballard,34,"['sports', 'painting', 'movies']",moderate
313,Steven Cisneros,24,['photography'],liberal
314,Erica Wilson,26,"['painting', 'photography', 'cooking', 'gaming', 'movies']",liberal
315,Derrick Hensley,60,"['sports', 'cooking', 'gaming']",moderate
316,Thomas Butler,54,['sports'],moderate
317,Maria Davis,20,"['traveling', 'sports']",moderate
318,Kim Cohen,39,"['cooking', 'music', 'sports', 'photography', 'painting']",liberal
319,Jeff Oconnor,32,"['movies', 'traveling']",liberal
320,Veronica Jimenez,61,"['music', 'gaming', 'cooking', 'photography']",moderate
321,Christopher Poole,28,['gaming'],liberal
322,Kyle Klein,38,"['cooking', 'gaming', 'painting', 'movies']",moderate
323,Christina Johnson,57,['reading'],conservative
324,Rebecca Camacho,65,"['photography', 'sports']",liberal
325,Travis Acosta,47,"['reading', 'music']",liberal
326,Henry Barber,18,"['sports', 'movies', 'gaming', 'cooking', 'music']",moderate
327,Mr. Jared Warren,35,"['reading', 'photography', 'hiking', 'traveling', 'gaming']",moderate
328,Kelly Hansen,38,"['cooking', 'traveling', 'photography']",conservative
329,Michelle Hernandez,33,"['painting', 'gaming', 'reading', 'traveling', 'movies']",liberal
330,Philip Martin,48,"['hiking', 'gaming', 'painting', 'traveling']",moderate
331,Karen Jenkins,38,"['reading', 'traveling', 'photography', 'music']",moderate
332,Susan Richardson,37,['reading'],liberal
333,Crystal Bridges,42,"['photography', 'traveling', 'music', 'painting']",conservative
334,Dr. Ashley Hamilton,42,"['movies', 'gaming', 'photography', 'music', 'traveling']",liberal
335,Brandy Garcia,33,"['traveling', 'sports', 'painting', 'movies']",moderate
336,Priscilla Alexander,21,"['gaming', 'reading']",conservative
337,Katherine Forbes,63,"['music', 'photography']",liberal
338,Jeffrey Bartlett,47,"['photography', 'movies', 'hiking']",moderate
339,Tiffany Moore,33,['movies'],liberal
340,Travis Wallace,18,"['hiking', 'cooking', 'painting', 'sports', 'movies']",moderate
341,Kelly Moore,37,['gaming'],liberal
342,Kimberly Smith,37,"['cooking', 'sports', 'reading', 'painting', 'hiking']",liberal
343,Lisa Davis,42,"['traveling', 'reading']",conservative
344,Victor Leon,25,"['music', 'traveling']",conservative
345,Sean Copeland,29,"['traveling', 'painting', 'photography', 'hiking', 'cooking']",moderate
346,Judy Jackson,29,"['gaming', 'painting', 'traveling', 'music', 'movies']",conservative
347,Scott Fox,30,"['hiking', 'sports', 'photography']",liberal
348,Jessica Ford,47,"['gaming', 'sports']",moderate
349,David Cruz,44,['hiking'],moderate
350,Chad Moore,61,"['gaming', 'traveling', 'hiking']",moderate
351,Connor Jones,51,['reading'],liberal
352,Amanda Hernandez,57,['cooking'],liberal
353,Teresa Rodriguez,41,"['movies', 'cooking', 'music', 'gaming', 'sports']",moderate
354,James Martin,61,['hiking'],moderate
355,Anthony Simpson,48,"['reading', 'gaming', 'photography', 'cooking']",conservative
356,Barbara Jackson,35,"['reading', 'traveling']",moderate
357,Wendy Carter,33,['hiking'],liberal
358,Dr. Melissa Sexton,61,"['movies', 'reading']",moderate
359,Steven West,26,"['photography', 'traveling', 'cooking', 'movies', 'gaming']",conservative
360,Wanda Miller,36,"['cooking', 'sports', 'movies']",liberal
361,Stefanie Cross,41,['sports'],liberal
362,Cassidy Ray,46,"['music', 'reading', 'hiking', 'cooking']",conservative
363,David Martinez,40,"['hiking', 'gaming', 'cooking']",conservative
364,Daniel Reeves,30,['painting'],moderate
365,Monica Huffman,25,"['traveling', 'reading']",liberal
366,Reginald Odom,34,"['gaming', 'cooking']",liberal
367,Trevor Adams,31,"['painting', 'sports']",conservative
368,Cory Jones,45,"['movies', 'gaming', 'photography', 'cooking', 'painting']",liberal
369,Cassidy Alvarez,25,"['painting', 'cooking', 'hiking']",moderate
370,Regina Johnson,57,"['movies', 'reading']",conservative
371,Colleen Webster,34,"['photography', 'movies', 'gaming']",liberal
372,Theodore Anderson,36,"['traveling', 'music', 'cooking']",moderate
373,Lindsay Diaz,55,"['traveling', 'reading', 'painting']",moderate
374,Linda Warner,58,"['traveling', 'music', 'cooking', 'hiking', 'reading']",conservative
375,Robert Byrd,60,"['reading', 'music']",moderate
376,Ann Waters,32,['traveling'],liberal
377,Kelly Myers,32,"['reading', 'gaming', 'music', 'traveling']",conservative
378,Carrie Baker,45,"['photography', 'reading', 'hiking', 'cooking', 'painting']",moderate
379,Elizabeth Schmidt,51,"['traveling', 'music', 'movies', 'reading']",liberal
380,David Banks,56,"['sports', 'reading']",conservative
381,Andrea Clay,42,"['painting', 'photography', 'cooking', 'hiking', 'movies']",liberal
382,Elizabeth Grant,33,"['movies', 'reading']",moderate
383,Robert Walsh,57,"['sports', 'gaming', 'movies', 'traveling', 'photography']",moderate
384,James Beasley,20,"['music', 'cooking', 'hiking']",moderate
385,Julie Nichols,43,"['cooking', 'traveling', 'movies', 'sports']",moderate
386,Shaun Black,59,"['hiking', 'reading']",conservative
387,Samantha Kirk,44,"['sports', 'movies', 'reading', 'gaming', 'hiking']",moderate
388,Heather Hernandez,37,"['gaming', 'hiking', 'sports', 'photography', 'music']",moderate
389,Sharon Payne,48,"['traveling', 'painting', 'gaming', 'cooking']",moderate
390,Brian Krause,29,"['painting', 'hiking', 'traveling']",conservative
391,Shawna Kerr,38,"['cooking', 'movies', 'painting', 'reading']",liberal
392,Deanna Keller,36,['music'],liberal
393,Katherine Fernandez,50,"['hiking', 'music', 'sports', 'reading']",liberal
394,Jeffery Cruz,30,['movies'],conservative
395,Jasmine White,43,"['movies', 'hiking', 'gaming', 'painting']",liberal
396,Steven Elliott,47,"['reading', 'gaming', 'photography', 'hiking']",conservative
397,April Murray,27,"['reading', 'sports', 'music', 'cooking']",liberal
398,Christopher Lopez,30,"['reading', 'traveling', 'sports']",conservative
399,Julie Bradley,41,"['music', 'sports']",liberal
400,Kevin Campbell,33,"['cooking', 'sports', 'traveling']",conservative
401,Benjamin Elliott,32,"['gaming', 'painting', 'reading', 'sports', 'cooking']",conservative
402,Dawn Adams,55,"['hiking', 'traveling', 'gaming', 'music']",conservative
403,Eric Smith,50,"['photography', 'reading', 'hiking']",conservative
404,Samantha Smith,39,"['sports', 'photography']",moderate
405,John Holmes,33,"['traveling', 'cooking', 'movies', 'hiking', 'photography']",liberal
406,Theresa Thompson,44,"['painting', 'photography']",liberal
407,Jeffrey Ramos,48,['hiking'],moderate
408,Alexandra Jenkins,30,['reading'],moderate
409,Ann Williamson,44,['movies'],liberal
410,Jonathan Keith,62,['music'],conservative
411,Julian Baxter DDS,47,['gaming'],conservative
412,Samuel Matthews,23,['music'],liberal
413,Garrett Villarreal,47,['reading'],moderate
414,James Roberts,47,"['gaming', 'painting', 'hiking']",conservative
415,Molly Johnson,29,"['music', 'sports', 'cooking']",conservative
416,Donald Figueroa,25,['movies'],liberal
417,Ronald Miller,23,"['photography', 'reading', 'sports']",liberal
418,Terry Tapia,22,"['gaming', 'movies', 'sports', 'music', 'painting']",liberal
419,Deanna Grant,55,"['hiking', 'music', 'photography', 'painting']",moderate
420,James Reynolds,65,"['movies', 'sports', 'painting', 'traveling']",moderate
421,Lisa Miller,38,"['hiking', 'gaming', 'music', 'movies', 'reading']",conservative
422,Nathaniel Aguirre,21,['photography'],conservative
423,John Harrell,64,['reading'],liberal
424,Tamara Foster,65,['sports'],moderate
425,Jesse Davis,64,"['music', 'traveling', 'sports', 'painting']",conservative
426,Nancy Thompson,39,"['cooking', 'photography', 'reading', 'hiking']",liberal
427,Sean Alvarez,35,"['sports', 'traveling']",conservative
428,Michael Evans,54,"['movies', 'photography', 'hiking']",liberal
429,Kimberly Henson,34,"['gaming', 'photography', 'hiking', 'reading', 'movies']",conservative
430,Cindy Johnson,34,"['movies', 'cooking', 'reading', 'painting']",moderate
431,Loretta Hayes,40,"['painting', 'sports']",liberal
432,Jeffrey Robertson,65,"['painting', 'photography', 'cooking', 'gaming', 'reading']",conservative
433,Richard Calhoun,47,"['movies', 'reading', 'painting']",moderate
434,Matthew Taylor,20,"['sports', 'reading', 'traveling']",liberal
435,Andrew Christian,31,['music'],conservative
436,Steven Munoz,63,"['sports', 'reading', 'cooking', 'traveling', 'photography']",moderate
437,Dorothy Acosta,39,"['gaming', 'hiking', 'cooking']",moderate
438,Stephen White,64,['music'],liberal
439,Melissa Stewart,62,"['traveling', 'cooking', 'gaming', 'hiking', 'sports']",conservative
440,Timothy Hudson,35,"['music', 'movies', 'reading']",liberal
441,Peggy Barnes,55,"['photography', 'hiking', 'sports', 'painting', 'cooking']",liberal
442,Daniel Reyes,24,"['cooking', 'gaming', 'movies', 'photography', 'reading']",liberal
443,Angela Shaw,57,"['sports', 'cooking']",moderate
444,Allison Weber,30,"['painting', 'reading', 'hiking']",liberal
445,Robert Daniel,46,"['traveling', 'photography', 'sports', 'cooking', 'music']",liberal
446,William Williams,35,"['cooking', 'hiking', 'sports', 'gaming']",moderate
447,Stephanie Norris,38,"['cooking', 'painting', 'hiking']",conservative
448,Yolanda Lam,60,"['hiking', 'painting']",liberal
449,John Black,24,"['reading', 'painting']",liberal
450,Mallory Miller,42,"['painting', 'hiking', 'sports']",conservative
451,John Garcia,34,"['movies', 'reading', 'sports']",conservative
452,Misty Thompson,21,"['gaming', 'movies', 'sports']",conservative
453,Rachel Lopez,62,"['hiking', 'sports', 'painting', 'traveling', 'photography']",moderate
454,Mrs. Marissa Glenn,19,"['photography', 'cooking']",conservative
455,Kelly Pugh,47,"['gaming', 'photography', 'traveling', 'music', 'hiking']",conservative
456,Robert Cuevas,47,"['painting', 'cooking', 'photography', 'movies']",moderate
457,Adrian Levine,20,"['sports', 'painting', 'gaming', 'reading', 'movies']",moderate
458,Maurice Craig,61,"['gaming', 'traveling', 'hiking', 'photography', 'cooking']",liberal
459,Zachary Chase,63,"['hiking', 'cooking', 'traveling']",moderate
460,Dennis Wiggins,18,"['cooking', 'photography']",conservative
461,Kim Smith,22,"['cooking', 'hiking', 'reading']",moderate
462,John Bryan,24,"['gaming', 'painting', 'sports', 'photography', 'reading']",conservative
463,Marcus Nichols,38,"['sports', 'cooking', 'reading', 'painting', 'hiking']",conservative
464,Matthew Thomas,43,['music'],conservative
465,Julia Brooks,33,"['movies', 'hiking', 'photography', 'reading', 'sports']",moderate
466,Karen Thompson,46,"['hiking', 'movies', 'reading', 'sports']",moderate
467,Raymond Clarke,19,"['gaming', 'painting', 'hiking', 'movies', 'photography']",conservative
468,Mr. Brandon Brewer,24,"['reading', 'cooking', 'music', 'traveling']",liberal
469,William Harris,46,"['gaming', 'movies']",conservative
470,Ryan Long,42,['sports'],conservative
471,Kayla Mayo,30,"['sports', 'traveling', 'movies']",moderate
472,Holly Little,47,"['music', 'traveling']",conservative
473,Kelly Johnson,40,"['hiking', 'gaming', 'photography']",conservative
474,Mark Ortega,34,"['music', 'photography', 'cooking', 'movies', 'gaming']",conservative
475,Adam Higgins,41,['cooking'],conservative
476,Veronica Wells,57,"['music', 'traveling']",conservative
477,Jason Ortiz,26,['cooking'],moderate
478,Tara Ellis,62,"['movies', 'gaming', 'photography', 'traveling', 'hiking']",conservative
479,Lauren Patton,59,"['cooking', 'sports']",liberal
480,Zachary Garcia,61,['traveling'],liberal
481,Benjamin Bishop,55,"['cooking', 'traveling', 'gaming', 'sports']",liberal
482,Lisa Burns,55,"['reading', 'music', 'traveling', 'cooking']",conservative
483,Jennifer Martin,18,"['photography', 'gaming']",moderate
484,Margaret Rodriguez,26,"['sports', 'cooking', 'movies']",liberal
485,Carlos Murphy,57,['gaming'],conservative
486,Stanley Mann,33,['hiking'],conservative
487,Christopher Potter,23,"['traveling', 'reading', 'sports']",liberal
488,Jeffrey Tran,21,"['sports', 'painting', 'gaming']",conservative
489,Eugene Jenkins,33,"['reading', 'hiking', 'movies']",liberal
490,Susan Anderson,25,['music'],moderate
491,Anna Short,41,['cooking'],liberal
492,Scott Anderson,38,['music'],liberal
493,Monique Lewis,44,"['cooking', 'sports', 'photography']",liberal
494,Cassie Pierce,45,"['sports', 'music', 'painting']",conservative
495,Veronica Lewis,36,"['traveling', 'movies', 'reading', 'photography', 'painting']",conservative
496,Elizabeth Kirby,62,"['reading', 'movies']",liberal
497,Kathryn Bailey,57,['sports'],moderate
498,Kelly Rivera,50,['photography'],conservative
499,Pamela Collier,46,"['sports', 'hiking', 'reading', 'music', 'photography']",liberal
500,Dr. Kathy Watson,36,"['reading', 'hiking', 'gaming', 'traveling']",moderate
501,Robin Miller,52,['movies'],moderate
502,Dana Lopez,33,"['sports', 'movies', 'gaming']",moderate
503,Anne Baker,31,"['traveling', 'gaming', 'photography']",liberal
504,Nathan Green,49,"['music', 'hiking', 'reading', 'painting', 'gaming']",moderate
505,Miranda Williams,52,"['reading', 'traveling', 'cooking']",liberal
506,Matthew Fowler,65,"['hiking', 'movies', 'cooking', 'reading']",liberal
507,Austin Garner,42,"['traveling', 'movies', 'photography']",conservative
508,Jacob Nelson,51,['photography'],liberal
509,Michael Gomez,46,"['gaming', 'traveling', 'reading', 'movies', 'photography']",liberal
510,Mary Thompson,41,"['painting', 'traveling', 'music']",moderate
511,Ronald Chang,43,"['painting', 'reading', 'movies', 'music']",liberal
512,James Hood,36,"['traveling', 'photography', 'music', 'painting', 'gaming']",conservative
513,Jacob Wheeler,47,"['traveling', 'hiking', 'music', 'sports', 'photography']",conservative
514,Jerry Summers,31,"['reading', 'gaming']",liberal
515,Eric Rich,55,['cooking'],conservative
516,Taylor Farley,28,"['photography', 'reading', 'hiking', 'sports']",conservative
517,Jesse Meyers,33,"['cooking', 'painting']",liberal
518,Audrey Thompson,26,['cooking'],moderate
519,Matthew Morales,32,"['movies', 'sports', 'reading', 'hiking', 'photography']",liberal
520,Brandi Jones,33,"['music', 'photography', 'sports', 'traveling', 'painting']",conservative
521,Jacob Lamb,35,['hiking'],conservative
522,Gwendolyn George,65,"['painting', 'gaming', 'cooking', 'music']",conservative
523,Mariah Tucker,34,"['movies', 'gaming', 'photography']",conservative
524,Mrs. Madison Villa,48,"['traveling', 'photography', 'cooking', 'hiking']",liberal
525,Wendy Evans,21,"['sports', 'reading', 'photography']",liberal
526,Michael Stone,57,"['music', 'hiking']",liberal
527,Emily Watson,60,"['gaming', 'movies', 'photography', 'reading', 'traveling']",moderate
528,Jenny Christian,61,['photography'],conservative
529,Kevin Hall,25,"['traveling', 'gaming', 'movies']",moderate
530,Eric Gamble,20,['gaming'],liberal
531,Blake Carson,61,"['photography', 'music', 'sports', 'painting', 'reading']",liberal
532,Jessica Reynolds,56,['movies'],moderate
533,Mark Johnson,38,"['photography', 'reading', 'traveling', 'hiking', 'cooking']",conservative
534,John Brown,24,"['traveling', 'movies']",moderate
535,Samantha Kennedy,32,['music'],liberal
536,Henry Harvey,25,"['reading', 'cooking']",liberal
537,James Ramirez,53,"['hiking', 'painting']",conservative
538,Katherine Wallace,65,"['cooking', 'reading', 'painting']",moderate
539,Jonathan Meadows,62,"['painting', 'movies', 'music', 'sports']",liberal
540,Lisa Paul,31,"['painting', 'photography', 'hiking']",moderate
541,Grace Miller,29,"['gaming', 'movies']",conservative
542,Hannah Fischer,49,['music'],conservative
543,Tara Brown,33,"['movies', 'music', 'gaming']",conservative
544,David Gould,22,"['movies', 'music', 'hiking', 'painting']",moderate
545,Dalton Coleman,56,"['music', 'traveling', 'sports', 'photography', 'reading']",liberal
546,Devin Williams,52,"['music', 'sports', 'cooking']",moderate
547,Scott Juarez,41,"['sports', 'gaming']",moderate
548,Roberto Jennings,40,"['photography', 'music', 'hiking']",liberal
549,Samantha Clark,22,"['photography', 'movies']",liberal
550,Kara Hicks,22,"['reading', 'hiking']",liberal
551,Diana Ochoa,37,"['sports', 'hiking', 'movies', 'reading', 'traveling']",liberal
552,Haley Collins,29,"['hiking', 'photography']",moderate
553,Nicole Hayes,58,['cooking'],conservative
554,Mr. Timothy Holt,22,"['cooking', 'painting']",moderate
555,Kendra Soto,23,"['music', 'sports', 'traveling']",liberal
556,Daniel Smith,25,"['photography', 'movies', 'painting', 'hiking', 'music']",liberal
557,Amber Cardenas,28,"['photography', 'painting', 'movies', 'cooking']",moderate
558,Michael Riddle,62,['hiking'],liberal
559,Logan Hayes,35,"['movies', 'cooking', 'traveling', 'gaming', 'sports']",liberal
560,Edward Scott,29,"['hiking', 'reading', 'traveling']",moderate
561,Brian Warren,30,"['photography', 'painting', 'movies', 'sports', 'hiking']",liberal
562,Kelsey Williams,44,"['hiking', 'painting', 'movies', 'music', 'cooking']",moderate
563,Jessica Maxwell,24,"['gaming', 'painting', 'reading', 'photography', 'sports']",liberal
564,Christina Dunn,30,"['sports', 'cooking']",liberal
565,Kristy Clark,44,"['photography', 'music', 'cooking']",conservative
566,Alexis Marshall,24,"['cooking', 'gaming', 'traveling', 'photography', 'hiking']",moderate
567,Catherine Price,53,"['traveling', 'hiking', 'music', 'cooking']",conservative
568,Shelby Chambers,41,['music'],moderate
569,Antonio Williams,44,"['photography', 'movies', 'gaming']",liberal
570,Brent Gibson,27,"['sports', 'photography', 'movies', 'reading', 'cooking']",conservative
571,Carl Jacobson,47,"['photography', 'painting', 'sports', 'cooking', 'hiking']",conservative
572,Aaron Esparza,40,"['hiking', 'cooking', 'photography']",conservative
573,Monica Miller,20,['movies'],moderate
574,Kayla Medina,58,['cooking'],liberal
575,Alicia Baker,26,['cooking'],liberal
576,Randall Turner,28,"['movies', 'gaming', 'traveling']",moderate
577,Amanda Santiago,55,['traveling'],liberal
578,Mr. Henry Barajas,46,['cooking'],liberal
579,Teresa Goodman,22,['music'],liberal
580,Juan Randolph,28,"['sports', 'cooking', 'gaming', 'photography', 'hiking']",moderate
581,Morgan Stewart,51,"['traveling', 'music']",liberal
582,Jeffrey Smith,65,['photography'],conservative
583,Mikayla Shaw,30,['reading'],liberal
584,Larry Steele,36,"['reading', 'gaming', 'hiking', 'movies']",moderate
585,Valerie Perez,26,"['hiking', 'photography', 'movies', 'reading', 'painting']",conservative
586,Dawn Flores,57,"['photography', 'reading', 'hiking']",moderate
587,Brittany Hebert,46,"['reading', 'painting']",liberal
588,Joshua White,61,"['hiking', 'gaming', 'music']",liberal
589,Diana Lee MD,59,"['traveling', 'painting', 'hiking']",moderate
590,William Jackson,35,"['hiking', 'photography', 'sports', 'traveling']",liberal
591,Joe Sullivan,41,['gaming'],liberal
592,Susan Ortega,59,['traveling'],liberal
593,Diamond Johnson,50,"['sports', 'cooking', 'hiking', 'painting']",conservative
594,Melinda Sosa,29,"['movies', 'photography', 'music', 'sports', 'painting']",moderate
595,Crystal Davis,45,"['movies', 'traveling']",conservative
596,Jeffery Jackson,46,['painting'],moderate
597,Richard Huber,40,"['hiking', 'movies', 'music']",conservative
598,Monica Ramirez,46,"['gaming', 'cooking', 'painting', 'sports', 'photography']",moderate
599,Tonya Sanders,32,"['gaming', 'photography']",liberal
600,Juan Williams,58,"['sports', 'reading']",conservative
601,James Austin,55,"['hiking', 'gaming', 'traveling', 'reading', 'painting']",conservative
602,Dr. Mallory Schneider,20,"['hiking', 'reading', 'traveling']",liberal
603,Christopher Acosta,30,"['photography', 'movies']",conservative
604,Kenneth Lopez,47,"['reading', 'gaming']",moderate
605,Anita Ortega,24,"['music', 'hiking', 'reading', 'gaming']",conservative
606,Stephanie Hammond,28,"['music', 'cooking']",conservative
607,Jessica West,62,"['painting', 'gaming']",moderate
608,Lindsay Shaw,21,"['movies', 'gaming', 'traveling', 'hiking', 'reading']",liberal
609,Emma Odonnell,37,"['reading', 'traveling', 'movies']",conservative
610,Jessica Foley,30,"['gaming', 'reading', 'music']",moderate
611,Sean Peck,44,"['gaming', 'hiking', 'reading', 'sports']",moderate
612,Heather Guerra,22,"['photography', 'movies', 'cooking', 'traveling']",conservative
613,Sean Pearson,39,"['cooking', 'music', 'movies', 'painting']",conservative
614,Jamie Williams,46,['traveling'],conservative
615,Jamie Sanchez,30,"['music', 'reading', 'movies', 'cooking']",conservative
616,Jose Perez,27,"['gaming', 'traveling', 'reading', 'hiking']",conservative
617,Monica Brown,21,"['sports', 'traveling', 'movies']",moderate
618,Daniel Jones,20,"['music', 'traveling', 'hiking', 'sports', 'gaming']",moderate
619,Lori Mcclure MD,61,['traveling'],moderate
620,Patricia Robinson,28,"['traveling', 'movies', 'cooking', 'reading', 'painting']",liberal
621,Donna Wang MD,18,['photography'],conservative
622,Kenneth Thompson,42,['gaming'],liberal
623,Dr. Michelle Daniel,44,"['reading', 'music', 'gaming', 'painting', 'movies']",liberal
624,Jonathan Lee,57,"['sports', 'traveling', 'painting', 'photography', 'reading']",conservative
625,Kathleen Macdonald,23,['traveling'],conservative
626,Veronica Lucas,29,"['reading', 'photography', 'painting']",conservative
627,Scott Weaver,46,"['painting', 'music', 'traveling', 'reading', 'movies']",moderate
628,Louis Ford,65,"['gaming', 'reading', 'photography']",conservative
629,Shannon Nguyen,54,"['reading', 'music', 'hiking', 'movies', 'gaming']",moderate
630,Jerry Sanchez,19,"['reading', 'painting', 'cooking', 'gaming', 'traveling']",liberal
631,Emily Clark,34,"['cooking', 'sports']",moderate
632,Casey Stephens,25,"['sports', 'traveling']",conservative
633,Lisa Ware,51,"['reading', 'hiking', 'sports', 'traveling', 'movies']",liberal
634,Brett Haney,36,"['painting', 'traveling', 'hiking', 'sports', 'gaming']",conservative
635,Christopher Lee,36,"['photography', 'movies', 'traveling']",conservative
636,Antonio Irwin,28,"['music', 'traveling', 'gaming', 'photography', 'movies']",conservative
637,Samantha White,25,"['gaming', 'cooking']",conservative
638,Barbara Grant,49,"['cooking', 'reading', 'traveling', 'painting']",conservative
639,Melanie Johnson,24,"['movies', 'traveling', 'cooking']",moderate
640,Lisa Palmer,20,"['music', 'painting']",conservative
641,Hannah Petersen,54,"['movies', 'traveling', 'hiking']",conservative
642,Todd Carey,58,"['hiking', 'movies', 'music', 'sports', 'photography']",moderate
643,William Whitaker,58,"['movies', 'traveling', 'sports', 'hiking', 'music']",conservative
644,Amanda Reid,51,"['gaming', 'painting']",moderate
645,Mary Taylor,36,"['movies', 'photography', 'hiking', 'reading', 'gaming']",moderate
646,Brittany Juarez,64,"['music', 'hiking']",liberal
647,Justin Baker,51,"['reading', 'hiking', 'music', 'traveling', 'cooking']",liberal
648,Aaron Griffin,41,"['gaming', 'reading']",liberal
649,Jessica Lynch,48,"['gaming', 'movies', 'painting']",conservative
650,Samuel Berg,27,"['cooking', 'painting']",moderate
651,Richard Baldwin,40,['reading'],conservative
652,Susan Oconnell,64,['photography'],conservative
653,Carla Cobb,55,['traveling'],conservative
654,Anthony Johnston,43,"['hiking', 'music']",liberal
655,Anthony Flores,56,['gaming'],moderate
656,Sarah Page,28,"['movies', 'photography']",moderate
657,Taylor Smith,59,"['movies', 'photography', 'reading']",conservative
658,Kevin Moreno,35,"['gaming', 'traveling', 'sports', 'painting', 'hiking']",moderate
659,Rebecca Munoz,47,"['photography', 'gaming', 'traveling']",liberal
660,Travis Long,34,"['painting', 'traveling', 'cooking']",moderate
661,Justin Valenzuela,49,"['sports', 'photography', 'gaming', 'movies', 'hiking']",conservative
662,Michael Mullins,60,['cooking'],conservative
663,Joseph Simpson,46,['sports'],conservative
664,Elizabeth Sullivan,44,"['traveling', 'gaming', 'music']",liberal
665,Patrick Smith,42,"['traveling', 'painting', 'music']",moderate
666,Juan Peterson,24,"['reading', 'photography', 'traveling', 'cooking', 'music']",conservative
667,Jessica Vasquez,34,"['music', 'photography']",moderate
668,Richard Anderson,58,"['photography', 'gaming', 'music', 'movies', 'sports']",conservative
669,Amber Young,41,['reading'],moderate
670,Eric Brown,45,['sports'],moderate
671,Kathleen Green,39,"['music', 'hiking', 'gaming']",liberal
672,Lindsay Avila,43,['movies'],moderate
673,Angela Flores DVM,55,"['traveling', 'cooking', 'hiking']",liberal
674,Amy Gould,38,"['cooking', 'sports', 'painting']",conservative
675,Cynthia Myers,53,['cooking'],moderate
676,Melanie Smith,60,"['hiking', 'reading', 'sports']",liberal
677,Christina Sellers,41,"['photography', 'movies', 'cooking', 'reading', 'music']",moderate
678,Matthew Houston,59,['painting'],liberal
679,Brooke Wiggins,55,"['hiking', 'gaming']",moderate
680,Ricardo White,21,"['hiking', 'traveling']",liberal
681,Kayla Williams,54,"['reading', 'movies']",moderate
682,Jason Oconnell,58,['reading'],conservative
683,Ashley Green,63,['music'],conservative
684,Jackie Hinton,27,"['music', 'hiking']",moderate
685,Kristine Clay,32,"['music', 'hiking', 'sports']",conservative
686,Alejandro Davidson,53,['cooking'],conservative
687,Mary Nunez,28,"['movies', 'painting', 'reading', 'gaming', 'traveling']",conservative
688,Gordon Owens,28,"['photography', 'painting', 'traveling', 'reading', 'movies']",liberal
689,Samuel Warren,30,"['sports', 'hiking']",conservative
690,Jessica Bell,21,"['sports', 'cooking', 'gaming', 'movies']",conservative
691,Patricia Small,24,"['sports', 'cooking', 'painting']",liberal
692,Chelsea Brown,61,"['cooking', 'sports', 'music', 'photography', 'movies']",liberal
693,James Cervantes,56,"['gaming', 'sports', 'painting']",liberal
694,Donna Anderson,44,"['music', 'movies', 'reading']",moderate
695,Jessica Davis,61,"['movies', 'gaming', 'hiking', 'reading', 'traveling']",liberal
696,Brett Mata,34,"['hiking', 'gaming', 'sports', 'cooking']",moderate
697,Joshua James,19,"['gaming', 'sports', 'music']",moderate
698,Stephanie Espinoza,55,"['reading', 'gaming', 'painting']",moderate
699,Andrea Mckinney,23,"['cooking', 'traveling', 'reading']",liberal
700,Jared Norris,19,"['cooking', 'hiking', 'reading', 'sports']",conservative
701,Sara Rich,18,"['painting', 'traveling', 'gaming']",liberal
702,Cheryl Garcia,19,"['photography', 'painting', 'music', 'sports', 'gaming']",conservative
703,Crystal Mason,59,"['painting', 'sports', 'cooking']",conservative
704,Michael Johnson,24,"['photography', 'movies', 'painting', 'reading', 'cooking']",moderate
705,Omar Bailey,20,"['gaming', 'painting']",liberal
706,Natalie Owen,35,['cooking'],liberal
707,Yvette Mcguire,53,"['movies', 'cooking', 'painting', 'gaming']",conservative
708,Holly Tran,33,['music'],liberal
709,Erin Pham,18,"['movies', 'painting', 'traveling']",liberal
710,Richard Snyder,41,"['cooking', 'music', 'reading', 'hiking']",moderate
711,Jacqueline Mitchell,29,"['traveling', 'cooking', 'reading', 'painting']",moderate
712,Valerie Watson,36,"['reading', 'music', 'sports', 'photography', 'gaming']",conservative
713,Jeremy Smith,32,"['reading', 'gaming', 'movies', 'music', 'painting']",conservative
714,Megan Ingram,31,"['reading', 'gaming', 'movies', 'photography', 'sports']",liberal
715,Cindy Mills,26,['hiking'],moderate
716,Amanda Gregory,41,"['gaming', 'traveling', 'movies']",moderate
717,Christopher Taylor,46,['gaming'],conservative
718,Beverly Fowler,25,['hiking'],moderate
719,Kimberly Walton,56,['traveling'],moderate
720,Daniel Armstrong,45,"['painting', 'sports', 'reading']",liberal
721,Brandon Delgado,26,"['cooking', 'traveling', 'music']",liberal
722,Edward Mclaughlin,39,"['hiking', 'cooking', 'music']",conservative
723,Amanda Ayers,19,"['gaming', 'photography', 'sports', 'hiking']",moderate
724,Crystal Lozano,18,['reading'],conservative
725,William Bryan,64,"['cooking', 'traveling']",conservative
726,Kristin Garcia,23,"['sports', 'movies', 'photography']",moderate
727,Norman Miller,18,"['painting', 'photography', 'traveling', 'gaming']",conservative
728,Kimberly Stout,27,"['gaming', 'traveling']",liberal
729,Susan Jones,59,"['photography', 'hiking', 'painting', 'traveling', 'music']",liberal
730,Richard Shannon,33,"['reading', 'gaming', 'music', 'movies']",liberal
731,Fred Pham,57,"['traveling', 'gaming', 'hiking']",conservative
732,Regina Howard,47,"['sports', 'traveling', 'reading', 'gaming']",moderate
733,Sarah Jackson,62,"['movies', 'traveling', 'cooking', 'gaming', 'hiking']",moderate
734,Phillip Lawrence,38,"['music', 'traveling', 'reading', 'painting', 'hiking']",moderate
735,Kendra Hall,40,"['movies', 'hiking']",liberal
736,Sandra Gentry,36,"['reading', 'movies', 'photography']",conservative
737,Adam Wyatt,41,"['cooking', 'traveling', 'painting', 'music']",liberal
738,Nicole Miller,63,"['cooking', 'gaming', 'hiking']",liberal
739,Eduardo Pennington,61,['sports'],conservative
740,Donald Hall,45,"['photography', 'hiking', 'traveling', 'movies', 'cooking']",moderate
741,Larry Chavez III,19,"['painting', 'hiking']",liberal
742,Rhonda Dominguez,33,"['photography', 'reading', 'movies', 'music']",moderate
743,Andrew Schaefer,21,"['hiking', 'painting', 'movies', 'cooking']",moderate
744,Eric Mills,42,"['music', 'reading', 'gaming']",moderate
745,Valerie Miller,46,"['painting', 'photography', 'hiking']",conservative
746,Chad Wheeler,38,"['gaming', 'music']",liberal
747,Alexander Daniels,33,"['painting', 'music']",moderate
748,Donald Turner,35,['sports'],moderate
749,Michael Wilkinson,24,['music'],liberal
750,Susan Waters,61,"['hiking', 'cooking']",liberal
751,Mike Franco,53,['photography'],moderate
752,Margaret Carter,58,"['photography', 'gaming', 'music', 'traveling']",moderate
753,George Williams,63,"['gaming', 'music', 'hiking']",liberal
754,Raven Wright,37,"['photography', 'gaming', 'sports', 'painting', 'cooking']",conservative
755,Ashley Garcia,53,"['painting', 'hiking', 'reading', 'sports']",moderate
756,Theresa King,49,"['movies', 'cooking', 'sports']",conservative
757,Mary Adams,18,['traveling'],moderate
758,Kelly Jimenez,19,"['sports', 'traveling']",moderate
759,Craig Cowan,36,"['photography', 'hiking', 'movies', 'reading', 'gaming']",moderate
760,Brittany Lin,31,['cooking'],conservative
761,Tanya Turner,25,"['traveling', 'hiking', 'sports', 'gaming']",liberal
762,Victor Smith,55,"['movies', 'gaming', 'painting']",liberal
763,Joshua King,58,"['cooking', 'reading', 'hiking']",conservative
764,Suzanne Ortega,42,"['painting', 'sports', 'reading', 'music', 'cooking']",moderate
765,Kimberly Suarez,23,"['sports', 'traveling', 'gaming', 'movies', 'hiking']",moderate
766,Melvin Jones,59,"['gaming', 'hiking', 'cooking', 'reading']",liberal
767,Tonya Cooper,40,"['traveling', 'hiking', 'photography', 'gaming', 'reading']",moderate
768,Timothy Patel,55,"['music', 'cooking', 'photography', 'gaming']",conservative
769,Lauren Phillips,41,"['painting', 'gaming', 'music']",conservative
770,Rachel Smith,39,"['painting', 'gaming', 'movies']",liberal
771,Scott Aguirre,18,"['painting', 'sports', 'hiking', 'music']",liberal
772,Kevin Rogers,32,"['hiking', 'traveling']",conservative
773,James Mccarthy,49,"['reading', 'hiking', 'traveling', 'sports']",liberal
774,Nicholas Walton,35,"['traveling', 'painting']",liberal
775,Michelle Jordan,54,['photography'],moderate
776,Roberto Garcia,18,"['hiking', 'cooking', 'music', 'gaming', 'traveling']",moderate
777,Rhonda Alvarado,53,"['movies', 'gaming', 'traveling', 'reading']",moderate
778,Rachel Smith,46,"['gaming', 'painting', 'hiking']",moderate
779,Angel Mack,34,"['reading', 'sports', 'movies', 'cooking']",conservative
780,Ricky Watts,62,"['movies', 'hiking', 'traveling', 'painting', 'cooking']",liberal
781,Joseph Brooks,50,"['painting', 'music', 'movies', 'cooking']",liberal
782,Michael Richard,47,['reading'],liberal
783,Ryan Morris,47,"['traveling', 'photography', 'reading', 'sports', 'cooking']",liberal
784,Thomas Knight,50,['traveling'],moderate
785,Joe Hart,24,"['photography', 'movies']",liberal
786,Gregory Robinson,62,"['cooking', 'reading', 'movies', 'painting', 'music']",conservative
787,Justin Walter,19,"['traveling', 'sports', 'reading']",liberal
788,Isaac Butler,30,"['movies', 'hiking']",liberal
789,Ryan Sanchez Jr.,65,"['gaming', 'photography', 'hiking']",moderate
790,Nancy Brewer,18,"['reading', 'traveling']",conservative
791,Jean Mahoney,35,"['gaming', 'sports', 'cooking', 'photography']",moderate
792,Jasmine Good,34,"['sports', 'cooking']",liberal
793,Kimberly Davis,37,"['photography', 'traveling']",conservative
794,Melissa Sanchez,29,"['music', 'reading', 'photography', 'painting']",conservative
795,Carolyn Rich,40,"['gaming', 'cooking']",liberal
796,Sydney Thompson,35,"['sports', 'music', 'photography', 'traveling']",conservative
797,Linda Tran,53,"['traveling', 'photography']",moderate
798,Michael Chan,33,"['traveling', 'painting', 'hiking', 'gaming', 'cooking']",moderate
799,Jordan Greer,24,"['sports', 'photography', 'cooking', 'music']",moderate
800,Mary Fisher,19,"['cooking', 'photography']",conservative
801,Jennifer Ortiz,41,"['painting', 'movies', 'cooking', 'gaming', 'sports']",moderate
802,Isaiah Cox,65,"['reading', 'cooking', 'hiking', 'gaming']",liberal
803,Olivia Davis,41,"['music', 'gaming']",moderate
804,Becky Nelson,34,"['sports', 'traveling', 'reading']",moderate
805,Richard Daniels,28,"['music', 'movies', 'gaming']",moderate
806,Jennifer Gibson,62,"['music', 'traveling', 'hiking', 'movies', 'sports']",liberal
807,Gary Gibson,49,"['reading', 'cooking', 'movies', 'photography', 'traveling']",moderate
808,David Robinson,58,['photography'],moderate
809,Savannah Anderson,33,"['reading', 'movies', 'sports', 'music', 'traveling']",liberal
810,William Ruiz,59,"['reading', 'traveling', 'painting']",moderate
811,Erin Baker,52,"['traveling', 'sports', 'gaming']",liberal
812,Mary Hernandez,26,"['traveling', 'hiking', 'cooking']",liberal
813,Dorothy Perkins,26,"['hiking', 'photography', 'music']",moderate
814,Evan Clark,42,"['painting', 'cooking']",conservative
815,Paul Salazar,26,"['gaming', 'painting', 'photography']",conservative
816,Philip Craig,40,['painting'],conservative
817,Cynthia Serrano,47,"['photography', 'sports']",liberal
818,Darlene Pugh,42,"['traveling', 'cooking']",conservative
819,Steven Thompson,32,"['hiking', 'music']",liberal
820,Lori Day,62,"['sports', 'traveling', 'cooking', 'music', 'gaming']",moderate
821,Jonathan Hodges,42,['sports'],conservative
822,Michael Griffin Jr.,38,"['traveling', 'gaming', 'painting', 'photography']",liberal
823,Michael Parks,29,"['sports', 'music', 'cooking', 'reading']",conservative
824,Calvin Anderson,65,"['reading', 'traveling']",moderate
825,Krista Horton,53,"['sports', 'hiking']",liberal
826,Gabriella Lopez,56,"['painting', 'reading']",conservative
827,Chad Haley,63,"['music', 'traveling']",liberal
828,Nathan Martin,60,"['traveling', 'sports', 'music', 'painting', 'hiking']",moderate
829,Joseph Martin,18,['photography'],moderate
830,Joanne Nguyen,50,"['painting', 'movies']",conservative
831,Daniel Barajas,27,"['photography', 'traveling']",liberal
832,Matthew Jones,39,"['gaming', 'hiking', 'photography', 'traveling', 'painting']",conservative
833,Michael Henry,38,"['sports', 'traveling', 'movies']",liberal
834,Chad Schultz,33,['traveling'],moderate
835,James Wilkins,55,"['movies', 'painting', 'reading', 'cooking', 'traveling']",conservative
836,James Flynn,30,"['music', 'painting', 'cooking']",liberal
837,Louis Rasmussen,35,"['traveling', 'music', 'reading']",liberal
838,Denise Brown,31,"['sports', 'reading']",conservative
839,Nicholas Davis,23,['gaming'],conservative
840,Derek Hull,40,"['photography', 'sports', 'music']",liberal
841,Kelly Patterson,47,"['painting', 'movies', 'hiking', 'traveling']",moderate
842,Desiree Jones,43,"['painting', 'movies', 'traveling', 'gaming']",moderate
843,Glenn Koch,64,"['movies', 'photography', 'music', 'traveling', 'cooking']",liberal
844,Ann Matthews,61,"['painting', 'cooking']",liberal
845,Jeremy Lindsey,61,"['cooking', 'sports', 'photography']",moderate
846,Joseph Cook,23,"['movies', 'traveling', 'reading', 'sports', 'gaming']",conservative
847,John Conrad,29,"['gaming', 'hiking']",moderate
848,Jonathan Dudley,43,['photography'],conservative
849,Thomas Lewis,65,"['reading', 'traveling', 'gaming', 'cooking', 'painting']",conservative
850,John Thompson,46,['reading'],liberal
851,Roger Moore,22,"['music', 'photography', 'reading', 'gaming', 'sports']",liberal
852,Stephen Thomas,20,"['movies', 'painting', 'sports']",conservative
853,Megan Shields,20,['cooking'],moderate
854,Paul Johnson,45,"['gaming', 'painting', 'hiking', 'sports', 'photography']",conservative
855,Mr. Andrew Morales,49,"['painting', 'gaming', 'photography']",conservative
856,Lynn Long,40,"['photography', 'hiking', 'gaming']",conservative
857,Frances Lewis,19,"['gaming', 'hiking', 'sports']",conservative
858,Kaitlin Howard,59,"['reading', 'gaming']",liberal
859,Madison Cooper,19,['movies'],moderate
860,Emily Watson,56,"['gaming', 'sports', 'reading', 'music']",moderate
861,Faith Conley,47,"['painting', 'cooking', 'traveling', 'sports', 'music']",conservative
862,Shawn Guerrero,45,"['gaming', 'traveling']",moderate
863,Lisa Hoffman,58,"['painting', 'reading', 'hiking', 'music']",conservative
864,Brooke Horton,60,"['movies', 'music']",liberal
865,Ryan Perez,60,"['music', 'cooking', 'traveling']",liberal
866,Charles Kennedy,20,"['painting', 'reading', 'cooking']",moderate
867,Debbie Baldwin,47,"['reading', 'traveling']",liberal
868,Carla Black,53,['traveling'],conservative
869,Adrian Phillips,40,"['music', 'movies', 'gaming', 'cooking', 'reading']",liberal
870,Jose Vega DDS,49,['music'],conservative
871,Ryan Walker,23,['sports'],liberal
872,Julia Ramos,56,['music'],moderate
873,Roberta Knapp,37,"['cooking', 'hiking', 'photography', 'reading']",conservative
874,Adam Stephens,30,"['traveling', 'photography', 'painting', 'gaming', 'reading']",moderate
875,Jordan Lee,22,"['traveling', 'gaming', 'cooking', 'music']",conservative
876,Ruben Drake,24,"['gaming', 'sports', 'traveling']",liberal
877,Robert Reynolds,49,"['music', 'cooking', 'painting', 'sports', 'hiking']",moderate
878,Michael Kemp,37,['sports'],conservative
879,Joseph Dalton,51,"['painting', 'movies', 'hiking']",liberal
880,Theresa Wright,36,"['movies', 'cooking']",conservative
881,Brian Wong,38,"['hiking', 'music', 'movies', 'gaming']",moderate
882,Joseph Mcdaniel,35,"['sports', 'gaming', 'cooking', 'photography']",conservative
883,Christopher Walls,46,"['reading', 'gaming', 'music']",liberal
884,Caitlyn Evans,48,['gaming'],moderate
885,Amanda Smith,44,"['reading', 'movies']",moderate
886,Christina Hamilton,61,"['traveling', 'movies', 'photography']",moderate
887,Madison Atkinson,42,"['hiking', 'sports', 'movies', 'cooking', 'reading']",conservative
888,Kyle Johnson,50,"['hiking', 'reading', 'sports', 'painting']",moderate
889,Pamela Mcgrath,22,"['reading', 'music', 'cooking']",liberal
890,Barbara Howard,20,"['reading', 'photography', 'sports', 'hiking']",conservative
891,Ricky Myers,64,"['gaming', 'traveling', 'music']",moderate
892,Joshua Rice,28,"['photography', 'hiking', 'music', 'movies', 'sports']",conservative
893,Marc Malone,58,"['movies', 'hiking', 'traveling', 'gaming']",moderate
894,Michael Allen,53,"['reading', 'hiking', 'movies']",moderate
895,Steven Brewer,38,['sports'],conservative
896,Sean Rodriguez,30,"['cooking', 'traveling', 'gaming']",moderate
897,Jeffrey Howell,35,"['photography', 'painting', 'cooking', 'movies']",liberal
898,Jonathan Gray,61,"['traveling', 'reading', 'music', 'painting']",conservative
899,Katelyn Marshall,22,"['cooking', 'painting', 'hiking']",liberal
900,Taylor Torres,18,"['cooking', 'photography', 'traveling']",conservative
901,Michelle Davis,32,"['photography', 'painting', 'cooking']",liberal
902,Justin Anderson,43,"['painting', 'traveling', 'photography', 'cooking', 'sports']",liberal
903,Robin Baker,48,"['movies', 'painting', 'music']",moderate
904,Jackie Chung,55,"['movies', 'hiking', 'traveling']",moderate
905,Jennifer Henderson,35,"['reading', 'photography', 'painting', 'movies']",moderate
906,Dr. Thomas Green,29,"['traveling', 'cooking', 'hiking']",moderate
907,Victor Jones,34,"['gaming', 'photography', 'music', 'cooking']",moderate
908,Rebecca Perez,34,['traveling'],moderate
909,Mrs. Lacey Trujillo,32,"['cooking', 'sports', 'hiking', 'photography', 'gaming']",liberal
910,Scott Carter,25,['cooking'],moderate
911,Robert Hanna,42,"['traveling', 'hiking', 'reading', 'cooking', 'music']",moderate
912,Cindy Garcia,63,"['cooking', 'traveling']",liberal
913,Michelle Wilson,34,"['gaming', 'painting', 'reading', 'sports']",moderate
914,Christina Bush,24,['painting'],conservative
915,Tonya Cobb,64,"['cooking', 'photography']",moderate
916,Kenneth Lawson,20,"['traveling', 'photography', 'hiking', 'sports']",conservative
917,Patricia Boyd,27,"['music', 'gaming', 'reading', 'hiking', 'traveling']",liberal
918,Amy Branch,45,"['traveling', 'movies', 'photography']",liberal
919,Justin Espinoza,48,"['traveling', 'painting', 'gaming', 'hiking']",conservative
920,Jessica Richmond,58,"['movies', 'reading', 'photography']",liberal
921,Emily Wilson,46,"['movies', 'gaming', 'reading', 'music']",liberal
922,Bryan Cortez,27,"['cooking', 'painting', 'hiking', 'music', 'photography']",conservative
923,Susan Brown,55,"['movies', 'traveling', 'gaming', 'painting', 'cooking']",moderate
924,Karen Castillo,51,"['gaming', 'traveling']",liberal
925,Justin Bowman,43,"['traveling', 'hiking', 'reading']",liberal
926,Jennifer Huang,31,"['hiking', 'cooking', 'gaming', 'photography', 'reading']",liberal
927,Becky Patel,62,"['photography', 'painting', 'cooking', 'gaming', 'sports']",conservative
928,Monica Bailey,21,['cooking'],moderate
929,Michael Johnson,50,"['music', 'hiking', 'reading', 'gaming']",moderate
930,Amy Brown,40,"['cooking', 'sports']",liberal
931,Angel Mcintyre,24,['reading'],conservative
932,Lorraine Castro,29,"['painting', 'hiking', 'movies']",moderate
933,Rachel Baxter,44,"['reading', 'cooking', 'movies', 'gaming', 'traveling']",moderate
934,Caroline Wheeler,49,"['reading', 'gaming', 'cooking', 'painting']",moderate
935,Brad Hill,26,"['hiking', 'cooking', 'music', 'traveling']",moderate
936,Alexander Fernandez,58,"['painting', 'sports', 'movies']",liberal
937,Brenda Johnson,60,['hiking'],moderate
938,Michael Clark,45,"['hiking', 'music', 'reading']",conservative
939,James Vasquez,21,"['photography', 'traveling', 'music', 'reading']",moderate
940,Kayla Ramos,45,"['hiking', 'sports', 'traveling', 'photography']",moderate
941,Crystal Garcia,63,"['reading', 'music', 'cooking', 'painting']",liberal
942,Monica Mitchell,20,['music'],moderate
943,Daniel Perez,58,"['movies', 'photography', 'sports', 'hiking']",conservative
944,Cheyenne Ryan,61,['music'],conservative
945,Justin Bailey,48,"['traveling', 'sports', 'music', 'gaming', 'photography']",liberal
946,James Cross,27,"['music', 'photography', 'movies', 'sports', 'cooking']",conservative
947,Christopher Wilson,51,"['traveling', 'movies', 'cooking', 'gaming', 'sports']",conservative
948,Timothy Friedman,54,"['movies', 'photography', 'sports']",conservative
949,Sarah Nixon,40,"['photography', 'traveling']",liberal
950,Allen Mccoy MD,59,"['hiking', 'sports', 'photography', 'movies', 'music']",moderate
951,Kevin Maxwell II,41,"['reading', 'sports', 'gaming', 'painting']",conservative
952,Amanda Bradshaw,27,"['photography', 'painting', 'reading', 'music']",liberal
953,Raymond Duncan,28,"['movies', 'photography', 'painting']",moderate
954,Richard Bennett,38,"['gaming', 'painting']",moderate
955,Rodney Hensley,31,"['painting', 'music', 'sports', 'photography']",moderate
956,Kyle Richards,19,"['traveling', 'cooking', 'hiking', 'gaming']",conservative
957,Shannon Kelly,52,"['traveling', 'gaming', 'sports', 'music', 'hiking']",moderate
958,Carrie Combs,42,"['music', 'photography', 'sports', 'hiking', 'reading']",liberal
959,Alex Hall,44,"['cooking', 'music']",liberal
960,Kyle Bright,55,"['sports', 'gaming', 'cooking', 'photography', 'traveling']",liberal
961,Lance Gomez,49,"['movies', 'music', 'cooking', 'photography', 'reading']",moderate
962,Martha Watts,55,"['hiking', 'music']",liberal
963,Gregory Simpson,61,"['hiking', 'movies']",conservative
964,Andrew Lee,36,"['reading', 'music', 'photography', 'cooking', 'sports']",conservative
965,Phillip Johnson,50,"['painting', 'photography', 'gaming', 'movies']",conservative
966,Andrea Coleman,28,"['painting', 'gaming', 'music', 'reading']",conservative
967,Sabrina Hernandez,44,"['reading', 'sports']",moderate
968,Jesse Nguyen,48,"['painting', 'hiking', 'photography']",conservative
969,Lisa Rodriguez,47,"['traveling', 'hiking']",conservative
970,Daniel Fox,19,"['reading', 'movies', 'painting', 'photography']",liberal
971,Kimberly Nguyen,43,"['movies', 'gaming', 'sports']",conservative
972,Kathryn Singleton,56,"['gaming', 'movies', 'painting', 'photography']",moderate
973,Amy Mendez,48,"['reading', 'sports', 'painting', 'photography']",liberal
974,Roy Delgado,41,"['music', 'traveling']",conservative
975,Evan Rivas,60,['painting'],conservative
976,Jamie Powers,34,"['hiking', 'traveling', 'movies']",liberal
977,Danielle Herrera,52,"['photography', 'gaming', 'traveling', 'hiking', 'painting']",conservative
978,Shannon Hernandez,39,"['photography', 'music']",conservative
979,Jade Carpenter,33,"['cooking', 'hiking', 'music', 'traveling', 'photography']",liberal
980,Nathan Anderson,58,"['sports', 'gaming', 'cooking']",conservative
981,Michael Brown,63,"['movies', 'gaming']",moderate
982,Erin Mccarthy,61,"['painting', 'traveling', 'photography', 'movies', 'gaming']",moderate
983,Emily Campos,33,"['reading', 'music', 'movies', 'hiking', 'sports']",liberal
984,Cindy Nelson,65,"['sports', 'painting', 'photography']",liberal
985,Isaiah Sharp,32,"['reading', 'traveling', 'sports', 'hiking', 'movies']",moderate
986,Sonia Le,39,"['hiking', 'gaming', 'painting', 'sports']",liberal
987,Carrie Adams,26,"['cooking', 'sports', 'music', 'hiking']",moderate
988,Lisa Sanchez,45,['music'],moderate
989,Nicole Cabrera,29,"['reading', 'traveling', 'photography', 'gaming', 'cooking']",moderate
990,Troy Ward,24,"['hiking', 'gaming', 'sports']",liberal
991,Michael Morris,53,"['painting', 'traveling']",moderate
992,Shannon Garcia,56,"['hiking', 'photography', 'sports', 'movies', 'painting']",moderate
993,Mitchell Jackson,55,"['music', 'sports', 'traveling']",liberal
994,Bryan Mills,47,"['painting', 'photography', 'cooking', 'movies']",moderate
995,Angela Mendez,59,"['cooking', 'photography']",conservative
996,Todd Roth,52,"['cooking', 'painting', 'traveling', 'gaming']",moderate
997,Brian Cruz,49,"['hiking', 'painting', 'cooking']",liberal
998,Glenn King,64,"['photography', 'sports', 'music', 'cooking', 'gaming']",conservative
999,Heather Evans,25,['hiking'],moderate
